,Rat,Timepoint_Name,Speed_Group,Belt_Speed,Stride,Step_Length,Step_Duration,Stance_Duration,Step_Height,Mean_Asis_Toe_Height,Variation_Asis_Toe_Height,Mean_Asis_Toe_Height_Stance,Variation_Asis_Toe_Height_Stance,Mean_Asis_Toe_Height_Swing,Variation_Asis_Toe_Height_Swing,Mean_Ankle,Variation_Ankle,Mean_Ankle_Stance,Variation_Ankle_Stance,Mean_Ankle_Swing,Variation_Ankle_Swing,Mean_Knee,Variation_Knee,Mean_Knee_Stance,Variation_Knee_Stance,Mean_Knee_Swing,Variation_Knee_Swing,Mean_Hip,Variation_Hip,Mean_Hip_Stance,Variation_Hip_Stance,Mean_Hip_Swing,Variation_Hip_Swing,Max_Asis_Height,Max_Asis_Height_Stance,Max_Asis_Height_Swing,Max_Hip_Height,Max_Hip_Height_Stance,Max_Hip_Height_Swing,Max_Knee_Height,Max_Knee_Height_Stance,Max_Knee_Height_Swing,Max_Ankle_Height,Max_Ankle_Height_Stance,Max_Ankle_Height_Swing,Min_Asis_Height,Min_Asis_Height_Stance,Min_Asis_Height_Swing,Min_Hip_Height,Min_Hip_Height_Stance,Min_Hip_Height_Swing,Min_Knee_Height,Min_Knee_Height_Stance,Min_Knee_Height_Swing,Min_Ankle_Height,Min_Ankle_Height_Stance,Min_Ankle_Height_Swing,Mean_Asis_Height,Mean_Asis_Height_Stance,Mean_Asis_Height_Swing,Mean_Hip_Height,Mean_Hip_Height_Stance,Mean_Hip_Height_Swing,Mean_Knee_Height,Mean_Knee_Height_Stance,Mean_Knee_Height_Swing,Mean_Ankle_Height,Mean_Ankle_Height_Stance,Mean_Ankle_Height_Swing,Mean_Hip_Toe_Height,Mean_Hip_Toe_Height_Stance,Mean_Hip_Toe_Height_Swing,Mean_Knee_Toe_Height,Mean_Knee_Toe_Height_Stance,Mean_Knee_Toe_Height_Swing,Mean_Ankle_Toe_Height,Mean_Ankle_Toe_Height_Stance,Mean_Ankle_Toe_Height_Swing,Unnamed: 0_x,Unnamed: 0_y,Unnamed: 0_x.1,Unnamed: 0_y.1,exptype
22,155,week6,speed24,,,,,,,,,,,,,,,,,,,,,,,,,,,,,,,,,,,,,,,,,,,,,,,,,,,,,,,,,,,,,,,,,,,,,,,,,,,,,,,0,dreadds
57,162,week6,speed24,0.24,3.71875,18.57054738,0.54425,0.36775,17.20634801,58.46707687,4.415408979,60.16215535,2.966581809,54.76461802,3.500300943,66.09082152,15.78628605,67.45068766,14.25176338,63.2681996,28.61833756,71.38418639,7.911570884,73.88740693,5.2320919130000005,66.06881477,8.763362781,109.0010447,15.78628605,108.6062728,15.09047335,109.9606946,16.76426407,70.4908126,67.77387716,68.86074434,55.21720599,52.4402741,53.11152083,28.2824415,25.11859471,25.65758993,30.43021342,22.37928658,30.43021342,58.92146887,60.15991899,62.16395381,41.43021128,42.896149900000005,45.06507759,10.22677466,10.58464185,13.52563894,5.561788879,6.146690947000001,7.25325997,64.56740962,63.55953487,66.38577574,48.23957863,47.12885118,50.30322169,17.92553966,16.73753842,20.12023193,17.97744979,15.72281749,22.59875005,42.13924588,43.73147166,38.68206397,11.98148313,13.35666794,9.033490864,11.87711704,12.32543797,10.97759233,1.0,1.0,1.0,1,dreadds
92,166,week6,speed24,0.24,3.612903226,8.260366793,0.537677419,0.379225806,21.45038728,70.7395573,6.839920767000001,73.73327707,4.330755781000001,63.80037238,6.106379385,59.18009315,17.47762657,60.95682841,16.40457542,55.22305154,20.40329747,75.92954787,13.49870554,78.49211394,11.65523159,70.10227265,14.80430313,129.5950178,17.47762657,129.9195807,14.83720967,128.84581880000002,22.46304636,82.91873224,80.94707687,81.42833248,55.79635743,53.46310367,54.58451464,38.78280382,35.82739318,38.26897628,32.1847941,23.84839698,32.1847941,72.07943911,72.08185669,74.46954951,43.33918225,43.33918225,47.51872688,10.04435329,10.04435329,13.51796513,7.663735197999999,7.876579561000001,11.03944152,76.63389946,76.02038459,78.27941431,48.92461198,47.73031058,52.02078057,21.0857326,19.13374526,25.78973418,16.23303459,13.26876151,23.42808445,43.03026982,45.44320306,37.54173864,15.43489858,16.84663774,12.14393863,10.39114472,10.981654,9.118827312,2.0,2.0,2.0,2,dreadds
127,169,week6,speed24,0.24,3.612903226,20.5766786,0.564774194,0.374709677,16.82462033,50.36597533,5.434442607,52.08618908,3.929442714,46.30949891,4.0694035710000005,74.27583953,11.36914212,74.39055717,22.3234475,72.71890538,34.02797539,66.14948001,9.30362432,67.7688766,6.323870531,63.10153677,10.74765569,116.3094886,11.36914212,114.4010545,9.663026693,119.5798428,12.30652119,65.44789812,63.87286211,61.5052123,50.30660445,48.16756593,46.88455062,24.1804963,22.1459036,20.95226471,27.84197024,23.53396767,27.60807322,51.12889492,52.96120443,53.31715942,35.18641775,36.98490394,37.61355368,9.23640407,12.85084,10.38492277,4.364191214,4.609356651000001,6.604540589,58.92885669,59.06544143,57.98813489999999,43.34277438,43.0587068,43.19627863,16.16184506,17.20258193,14.2139044,18.00532451,16.67801639,20.4924572,34.77989302,36.07945444,31.51764264,9.484851103,10.95849131,6.2119754270000005,9.451057277,9.69876403,8.831596406000001,3.0,3.0,3.0,3,cno
162,172,week6,speed24,0.24,3.64516129,17.52366733,0.541419355,0.373290323,13.02651591,51.23969776,4.569643977,52.69879057,3.418511796,47.94581157,3.298299417,57.10847011,13.21657165,56.76361638,17.71766399,57.86558958,28.59605127,65.47293727,9.079340158,66.67949443,7.76472361,62.97978603,9.884126136,113.8345291,13.21657165,112.2741372,11.62549056,116.9819312,15.10954627,62.62508097,61.24600558,60.71668237,48.13331878,47.16319693,46.61905068,22.96163641,20.65304606,20.16214645,26.65104337,22.73544104,26.59696264,50.57068258,51.95771555,53.02730608,35.13700864,36.96648023,38.43262214,8.00474672,8.867867887000001,9.369444253,5.207961622,5.569547997000001,7.165252525,56.92875095,56.82398276,57.24151532,42.39635401,42.1995375,42.97557182,13.2804117,13.28409935,13.36142872,16.52392577,15.02074547,19.88026614,36.70730082,38.07434532,33.67986808,8.507215621,9.444116853,6.224713846,10.83497518,10.89555329,10.58490317,4.0,4.0,4.0,4,cno
197,173,week6,speed24,0.24,4.512820513,28.07379014,0.432615385,0.272102564,17.13987535,49.11341195,4.620061093,50.99267459,3.367233016,47.38248907,2.6011308580000003,73.70110302,12.81398987,75.24870688,23.13107263,71.36117871,31.48219274,73.75317212,11.228438699999998,75.59357463,9.302145296,69.85436271,11.67941478,106.2419207,12.81398987,104.9299305,11.79126107,108.0971665,13.17675263,62.07631556,59.61538991,60.8834834,48.62773397,46.07843834,47.58118258,18.51356111,16.00187611,16.05794813,27.20349576,20.99286866,25.79613312,51.96560197,52.62562087,54.45541051,38.36193554,39.14923452,40.9951794,8.020281125,8.561777013,10.05879738,9.171528357,9.781932905,11.56215186,56.75114393,55.77995304,58.375853500000005,43.43131771,42.42752313,45.07089247,12.23547024,11.89316822,13.10810355,17.98028164,16.51610111,20.47361376,36.36686364,38.19723974,34.52009121,6.35595959,8.410246398,4.505093529,9.968382137,11.31610681,9.223948696,5.0,5.0,5.0,5,cno
232,174,week6,speed24,0.24,3.448275862,20.96198551,0.562896552,0.392965517,16.77043251,54.13996027,5.91713228,57.02638601,3.587095755,47.69385625,4.373791454,72.79371997,14.28193768,74.37158635,11.06622984,69.05629121,24.65831232,70.75296016,9.693546376,72.67804406,6.407381785,67.39989631,11.80555962,107.7243105,14.28193768,108.74340990000002,12.33025737,104.6822065,17.16551524,64.28988869,63.67196155,61.12945431,52.45442296,51.56697893,50.25287601,33.30853255,29.67378066,31.65842843,24.82769694,19.10411784,24.82769694,53.18171295,55.13287049,54.23197931,41.82032354,43.81626396,43.37357035,13.25626602,13.76919341,13.62833983,5.436165292999999,4.551042385,6.530577114,59.44739818,60.14695689,57.66907788,47.81660328,48.1140965,47.08449347,21.77769879,21.225829,22.84827398,14.89466643,13.69855383,17.17827348,42.57592822,44.99352562,37.45948403,16.93934878,18.28315776,14.34087009,10.15291447,10.57798296,9.948036336,6.0,6.0,6.0,6,cno
267,190,week6,speed24,0.24,3.612903226,10.9934926,0.5514838710000001,0.362322581,19.63024106,68.83741083,6.632698977,72.96696631,3.049053777,61.06122629,3.834074157,88.48244403,14.74709455,94.77712191,9.829422374,76.70163127,26.21992429,100.8028193,11.54209931,107.1005818,4.419621274,88.68828752,10.74588003,109.5553697,14.74709455,109.8772893,13.59802667,108.9580626,16.55665588,79.77575165,79.19371184,76.92175124,67.67872133,66.67558979,65.33252382,40.55649806,37.82090286,39.43312721,30.65039302,23.68342556,30.65039302,72.58170722,72.83814003,73.52855868,60.22524171,60.63103098,,27.10947929,27.68903628,27.61140667,8.353162954,8.733740773,12.1757136,76.1086648,76.3944241,75.49703604,63.83712009,63.75508488,63.83588923,32.1456072,31.65906354,32.92914621,19.2313044,16.10853811,25.04013722,,,49.40007948,24.87435323,,18.49333646,11.96005043,12.68108032,10.60432747,7.0,7.0,7.0,7,cno
302,191,week6,speed24,0.24,3.71875,13.50878804,0.532875,0.364375,18.11605798,55.23141843,6.729154522999999,57.67403116,5.386562871000001,50.2788168,5.798881584,68.64192169,14.71551423,68.25454487,10.18131736,69.49943297,24.8905376,73.4354342,11.19234087,77.83141222,6.7102609,64.19273571,11.97878229,122.038346,14.71551423,122.30712920000002,14.07109408,121.1532787,15.67901332,67.11114192,65.91184416,65.44240352,53.11029097,51.64952601,51.6987026,29.55083242,27.69295135,28.01402879,30.782854800000003,24.31358562,30.6841803,56.85964582,56.9258603,58.76085789,43.36792163,43.40120074,45.63189955,9.828918524,9.931173703,12.13548303,6.14083937,6.229051947,7.830144726,62.03004495,61.70414272,62.81090347,48.23067166,47.6382592,49.60415169,17.58518726,16.85685844,19.24526225,18.4288065,16.176861499999998,23.15815508,41.43204513,43.60814764,37.07206502,11.5514874,12.96180942,8.579282198,11.72744964,12.14674993,10.84418827,8.0,8.0,8.0,8,cno
337,195,week6,speed24,0.24,3.612903226,18.67979199,0.536774194,0.364129032,12.54133181,49.26592842,6.155381114,51.41645031,5.572606211,44.86363351,3.785650341,69.31267523,18.54621738,67.48694497,14.54455886,73.39313345,32.33205564,53.68779178,9.643891991,56.83550155,6.386286988999999,47.70098808,9.783317356,101.3202338,18.54621738,101.1304941,18.34552474,101.4811364,18.8580185,61.62377208,61.03024827,56.59386287,46.81869127,46.32335021,41.18242745,25.3959521,23.83907752,23.49845571,24.01468097,21.93266432,23.91222218,48.72939568,49.08438868,49.82589183,34.1579984,34.71423104,35.26392821,3.404517347,3.915274794,3.944236861,4.970561663,5.174340026,6.659050794,55.2987676,56.11039949,53.85406972,40.39733923,41.35870192,38.79189667,12.44952821,12.89920857,11.79868762,16.92406828,16.50340013,17.94855062,34.36450005,36.66475274,29.80146046,10.40269914,11.55445072,8.081660272,10.8912291,11.80945095,8.958114406,9.0,9.0,9.0,9,dreadds
372,196,week6,speed24,0.244102564,4.41025641,,0.450461538,0.285538462,,63.397051,13.2602522,68.38916757,8.959235946,52.86534422,8.556901331,83.96870386,13.42792726,90.1266542,8.223627612000001,74.78694264,20.8934247,66.48734032,11.01316714,70.527399,6.971371662999999,60.72554509,11.05673212,89.21636217,13.42792726,90.16996281,11.51894522,88.2022897,14.72820583,87.32677823,85.62563764,85.30488133,,,,,,,,,,77.68196544,78.05614774,79.14931848,,,,,,,,,,82.40956828,81.91931724,82.97679729,69.13883611,68.21841185,70.38907894,,,,,,,50.39563916,55.00988754,40.72957309,26.79336499,,18.88362634,,,13.91397929,10.0,10.0,10.0,10,dreadds
407,197,week6,speed24,0.24,3.5333333330000003,14.16531768,0.525333333,0.340266667,15.87619014,52.45995587,4.671599808,54.56170805,2.578716064,48.43651661,3.939152605,67.23620884,18.26691537,68.23505234,17.21844086,64.98723021,31.52958288,68.41054102,8.842205429,70.22447933,7.411398963,64.90655100000001,9.225843681,109.6893779,18.26691537,110.4633665,17.63743385,108.33418059999998,19.08818219,64.48828478,62.23716126,62.17896797,50.46881696,47.58224571,48.89637139,25.23297196,20.77562587,22.12981271,27.01132864,20.84657621,26.9331234,53.32548676,55.17002032,56.07440311,38.98940898,40.49050506,42.00231161,7.295520805,8.889115539,9.65778076,4.21912065,4.727595007,5.803847979,59.23571443,59.00954859,59.31019173,44.78902212,43.97254436,45.94358151,14.0364046,13.23716099,15.12462593,16.69369457,14.88787976,19.82397772,38.01326356,39.52470383,35.06990639,8.374802756000001,9.19923931,6.65213888,9.917936008,10.44003922,8.950302599,11.0,11.0,11.0,11,dreadds
442,198,week6,speed24,0.24,4.625,23.21795842,0.4265,0.2668,24.00002448,60.08897566,6.881078006,62.4964265,3.980986105,56.47564271,5.053641517,86.30091716,16.18990695,86.82024803,12.199196,85.9113502,22.07870179,89.66235063,11.33241639,92.0890363,7.089572621,85.19372721,12.32775889,106.4400117,16.18990695,107.1237678,14.70371722,105.3657222,16.07704988,74.85710005,72.44097955,73.53861107,64.55858187,61.44824685,63.50567122,38.59461695,33.3798148,36.0977805,34.72422897,24.2176539,33.50639774,65.44060656,66.24476735,67.96725725,53.04362394,53.8751299,56.25652906,21.06762632,21.76711554,23.23967992,8.366754236,10.15214977,10.94272598,70.00590721,69.06908398,71.48320462,58.61832098,57.16876054,60.86289467,28.02130519,26.37674508,30.55750587,21.00160807,18.38779072,25.24968998,48.70688195,50.59610305,45.86834928,18.26291147,19.96928583,15.71534344,11.12885553,11.89361229,10.24947058,12.0,12.0,12.0,12,dreadds
477,199,week6,speed24,0.24,4.1111111110000005,17.03658255,0.4703333329999999,0.296666667,16.82671089,63.18130393,5.086866168999999,66.02733916,2.565844387,58.28199957,3.963616321,80.00672773,13.24722128,83.13765703,11.09727952,74.83957951,20.66000854,88.11187385,10.23282643,91.369392,7.582576694,82.60162677,10.51313259,102.2037394,13.24722128,103.4987987,12.54097239,100.1451248,13.67558644,74.22117835,72.49979623,72.52303718,62.6078652,60.00465235,61.58410427,33.60021313,30.64985869,32.03136176,28.52565385,20.69240593,28.52565385,64.05601648,65.71528685,66.17983027,51.88601785,53.15114499,54.64058902,21.42280178,21.95183862,23.32189126,5.931117812999999,6.578727141,7.535141884,69.53173035,69.31054272,69.6551293,57.27979502,56.21721571,58.87830635,26.43693206,25.23721067,28.18118155,17.05963848,14.42633375,21.40677425,50.9293686,52.93401215,47.50517662,20.12049648,21.96548262,16.89284647,10.70921206,11.14313019,10.03364451,13.0,13.0,13.0,13,dreadds
512,226,week6,speed24,0.24,3.71875,8.909680707,0.512125,0.347125,16.58005088,68.89588745,5.293916542,71.19490071,3.70769433,64.08308492,4.434137764,67.66372692,15.376281400000002,68.76258189,9.673623076,65.25681255,17.38524474,72.69606357,9.490310247,75.78864995,6.150849947,66.44157888,10.62552305,130.5951621,15.376281400000002,131.1676499,14.02286397,129.1893052,17.91821849,78.75796862,78.01247739,76.86368338,53.98217533,52.78515414,52.53926912,31.31241637,29.66943962,29.96149117,30.42040945,23.51820756,30.42040945,71.83767069,72.0911225,73.5630949,46.60815025,46.7962973,48.73863581,13.36121669,13.36121669,15.84068355,6.082134027,6.577266745,7.298325522000001,75.28708821,75.14685994,75.46966803,50.12979182,49.57949478,51.20829299,19.85811208,18.82057773,22.06540723,17.79373957,15.60101495,22.24514743,43.73859106,45.62753555,39.82170988,13.50245922,14.87066967,10.80177156,11.40253881,11.64905572,10.85856431,14.0,14.0,14.0,14,dreadds
27,155,week7,speed24,,,,,,,,,,,,,,,,,,,,,,,,,,,,,,,,,,,,,,,,,,,,,,,,,,,,,,,,,,,,,,,,,,,,,,,,,,,,,,,0,dreadds
62,162,week7,speed24,0.24,4.0,21.2737953,0.4932571429999999,0.333485714,18.47313194,55.02153225,5.462032227999999,56.89948438,4.2984080780000005,51.61619852,4.21521752,57.39649512,15.10609674,58.03902068,14.7672684,57.78304894,25.39032716,65.45084521,9.58284923,67.35044598,8.163737402999999,61.57378182,8.865995557,109.6089537,15.10609674,109.5118716,13.77193994,110.5881493,16.23707918,68.50262233,65.7020799,66.09405146,51.72942904,48.48889236,49.4127852,26.9522846,23.61270647,23.66812387,30.98259059,24.16191825,30.22754291,55.08102757,55.94752046,59.22359918,36.44409025,37.55255704,41.34275067,7.656404012999999,7.954156854,11.70365203,5.290143578,6.150868753999999,7.634223863,61.39110498,60.24273305,63.70861097,43.84070136,42.4206195,46.68687941,14.68683971,13.14467962,17.78731985,17.32684716,15.29393845,21.60255364,37.47735149,39.07737083,34.60612158,10.0628914,10.8485248,9.003155706,11.48840409,11.9589644,10.54311473,1.0,1.0,1.0,1,dreadds
97,166,week7,speed24,0.24,3.64516129,16.02829413,0.527612903,0.360387097,21.73980956,67.85550136,7.163565557999999,70.84157296,4.787535149,61.57887419,7.080459625,70.82659223,16.35847056,74.33184288,9.486218509,63.67279297,21.2187572,77.03230175,9.721414001,80.21672019,6.222872888,70.20870867,11.77006651,129.11706370000002,16.35847056,128.069793,14.18683646,131.2906849,20.01696141,79.78483853,79.10325192,78.32297836,56.3413591,55.2492815,54.81223861,34.15782804,32.79196965,33.10832018,35.26976752,25.1330837,35.26976752,71.45326514,71.52141590000001,72.56563469,46.97985111,46.99329362,48.92289569,13.55137943,13.5691407,15.71059186,10.07469813,10.74113093,11.23475019,75.21654077,75.06361811,75.64381816,51.21959435,50.53763521,52.71775772,20.98317863,20.0549919,23.01725617,20.64788482,18.13868095,25.93265545,43.85855494,46.31559006,38.65281375,14.1530726,15.83294675,10.66692065,13.28684541,13.9166358,11.86771148,2.0,2.0,2.0,2,dreadds
132,169,week7,speed24,0.24,3.413793103,15.40284619,0.55737931,0.365931034,17.61542937,53.2146809,5.405104849,55.2721803,3.923703052,49.02366997,3.658617703,79.57327491,10.49930752,79.38629919,24.12843144,79.13600295,33.42343827,67.36017914,9.99420952,68.53709919,7.756935919,64.62706800000001,11.65003095,115.7617835,10.49930752,114.9634391,8.866920972,117.2153294,12.16621332,67.69357617,66.28625712,64.05521923,51.59859949,49.70990782,48.65358939,25.99753266,23.60582948,23.85179518,28.85406145,23.59153986,28.78952394,53.02832142,54.82687067,56.56482299,36.28173878,37.80729119,40.08463507,10.63077731,13.5245783,12.20593908,4.326278052,4.430263824,6.605227234,61.44173326,61.39515948,61.05384726,44.97346211,44.48591126,45.47206003,18.0750733,18.39349927,17.03435462,18.63024692,17.07931995,21.37642417,36.74640975,38.36293208,33.44188273,10.68125241,12.38107248,7.296738935,10.40319455,10.95634077,9.346246874,3.0,3.0,3.0,3,cno
167,172,week7,speed24,0.24,4.114285714,,0.455314286,0.286057143,25.37189,48.45856017,7.969976697000001,49.7019274,4.697493161000001,45.51091811,5.682305407,60.94674694,15.64210167,64.09647419,18.17499656,56.22511398,24.61341914,72.05328968,12.96509096,75.21959964,10.03863174,69.40801031,10.15101464,104.1223436,15.64210167,103.0016753,12.32211703,104.6984523,13.6330405,66.51241539,63.18899749,63.90099789999999,51.94718447,49.25492099,49.62346308,29.28218038,24.88022848,25.12064943,31.46644497,25.26247447,29.72483844,50.56172436,52.96631407,54.87076775,35.97655011,38.34988323,40.47917683,9.961366039,12.41943878,13.67948606,6.81360391,7.974581086000001,8.593920407999999,58.28147404,57.52627637,60.21087588,44.16882652,43.42545713,46.16978056,17.63326922,17.26951255,19.35687066,17.86740746,16.22846764,21.46364342,34.73482021,36.13991174,31.87213948,10.45160818,12.58971157,7.966752014,11.212481599999998,11.60639513,10.7039015,4.0,4.0,4.0,4,cno
202,173,week7,speed24,0.24,3.911764706,16.82050021,0.4788235289999999,0.3236470589999999,12.21924865,48.51076881,3.23938439,49.57152349,2.44064834,46.08200481,2.138294767,71.11469049,13.03566387,71.10817662,23.56308159,71.15714261,34.15982754,75.69551654,10.94206545,77.35775223,9.506988958,72.22353889,12.15037768,113.3069361,13.03566387,112.4234322,12.37807654,115.3134614,13.76607697,59.25960839,57.42583094,57.32519609,46.48438372,44.77481262,44.91613269,14.95785227,12.5880899,13.23048513,22.68767989,17.41833676,22.68767989,48.42449313,49.39113965,51.56533307,35.49067197,36.40896462,39.073728,6.134477958,6.279145079,7.785116021,5.445124695,5.725798348,8.093947487000001,54.06436606,53.46721976,55.05691824,41.48434688,40.75885863,42.78086622,9.240563193,8.776215404,10.33258892,14.72203675,13.24029649,17.82893657,35.93074962,36.86316236,33.80595279,5.146298784,5.574290259,4.159132137,9.168439495,9.344600218,8.854023137999999,5.0,5.0,5.0,5,cno
237,174,week7,speed24,0.24,3.71875,13.92048072,0.5085,0.332375,15.46446167,55.74615443,5.30866766,58.81732804,2.8080049330000003,49.90967576,3.410325627,76.83135136,14.05803451,78.0650608,11.42810862,73.96580419,23.5137856,75.38077508,9.17135173,79.34105202,5.388300972000001,67.80649851,9.377057338,106.8077302,14.05803451,107.1919396,12.99667756,106.321112,15.7259786,65.80208068,65.43726904,62.56587392,55.08644021,54.49680701,52.27856844,33.62374488,30.30474392,32.23525257,26.04820041,18.36261601,26.04820041,57.39422644,58.64186039999999,58.22262336,46.20212831,47.46909715,47.19927144,17.0425103,17.30832328,17.71713884,6.280567285,6.635152587,7.442588342,61.81061669,62.31741694,60.57603354,50.77526711,50.99212095,50.12590218,24.29778731,23.27021012,25.72519647,15.88533028,13.72638046,19.77880029,44.71080485,47.49203204,39.4595444,18.23332504,19.77012121,15.05883869,9.886456131,10.32367996,9.112442513,6.0,6.0,6.0,6,cno
272,190,week7,speed24,0.24,3.321428571,13.08021592,0.5579999999999999,0.393571429,18.98920171,64.56233773,5.955919459,67.27690711,3.848382085,58.34240438,3.997317815,83.31031036,16.17119001,85.52763392,12.09325069,78.35135042,24.16716126,93.38636748,11.49248391,97.30848469,7.285909572,84.29352941,12.22709519,113.6864924,16.17119001,114.1778791,14.91368809,112.2169433,18.19525606,77.00184901,74.77567035,74.83307434,64.67517772,62.05642153,62.73455182,40.31623436,36.70318204,38.34026739,31.01506007,24.89449293,31.01506007,65.96500927,66.60014002,67.98405471,52.50478271,53.47527413,55.47954594,20.62033031,21.31211431,22.70199488,6.935984062999999,7.477209028,11.21331006,71.42016835,71.18338787,72.10150365,58.64312861,58.1828507,59.87050911,27.96574318,27.13627782,30.15559956,18.7346687,16.40668601,24.18636797,51.78529799,54.27636993,46.11140984,21.2859636,23.44477928,16.48191481,11.87683808,12.50020525,10.42726869,7.0,7.0,7.0,7,cno
307,191,week7,speed24,0.2394444439999999,4.1111111110000005,16.34553654,0.466888889,0.319666667,19.07439521,59.83546113,6.303944283,62.70169329,3.980655815,53.53003175,5.784884923,69.08907415,14.51099235,70.11246235,8.570013194,67.57284496,18.89267907,77.69388443,11.249714,82.71460807,5.542384001,67.97539492,10.75576922,118.5668509,14.51099235,118.0906143,13.65630754,119.9509996,15.40089519,69.52526927,68.75339508,67.78644293,55.44992318,54.36866471,53.73285934,30.36533809,28.95019105,29.24554426,31.49441583,24.96073109,31.35611067,62.60487677,62.61898362,63.56063807,48.25041297,48.28001468,49.47459464,14.43495447,14.52143352,15.37517107,7.788873766,7.83358874,9.569636256,66.06920917,65.93260518,66.23157689,51.77182065,51.46169578,52.3008783,21.08748013,20.60356655,22.04302041,19.09939834,16.64644511,24.10352084,45.54411795,48.23078389,39.65542055,15.21786006,17.39993024,10.93628447,12.94722022,13.41553322,11.88735097,8.0,8.0,8.0,8,cno
342,195,week7,speed24,0.2396685,3.448275862,19.97488903,0.568965517,0.3811034479999999,11.27094908,48.15625543,6.194007938,49.94549668,5.829963394,44.70905688,3.362324323,67.93099562,17.82184724,64.28292016,18.76833873,74.97229831,36.50404054,58.188636200000005,11.04503818,61.42725335,6.207866763999999,51.49633141,12.92072598,105.1216094,17.82184724,104.6210546,17.97027878,106.07573899999998,17.24177108,61.37732643,60.40970365,55.2131546,48.90270435,48.1208139,40.72369585,21.36622598,19.46707618,18.14021305,24.47733595,23.53675039,24.0739798,46.90911646,47.65110724,48.20743312,34.01817887,35.24669261,35.38078371,3.3715336710000003,4.422751167,3.407056477,5.280504529,5.785581027,7.152158114,54.06168533,55.17142961,51.91514017,41.07334248,42.52902089,38.17395088,10.87254404,12.26784211,8.554800167,17.95354967,18.14571835,17.61943713,35.16908211,37.30308796,30.97081391,8.506591984,9.819983054,5.641967233,12.12631877,12.91978542,10.61035517,9.0,9.0,9.0,9,dreadds
377,196,week7,speed24,0.24,4.1111111110000005,15.92487514,0.501,0.315111111,21.54234704,54.84272589,6.617528192000001,58.99846513,2.810335627,48.16175252,5.042582591,75.80879055,14.67385078,82.89169684,7.462771148,64.78580353,22.99315021,66.97878158,10.0660022,72.01936013,4.848764292,58.82350334,10.63359436,87.83627348,14.67385078,87.73432904,13.39823647,87.95202497,16.36136483,66.50514187,65.06844439,64.63004712,54.42971026,52.37120488,52.83071895,34.40376925,32.02982235,33.46114558,30.50584306,20.8545848,30.50584306,58.52566287,59.63126102,59.52094741,44.86240476,46.16914078,46.41470441,15.26609264,15.81774674,15.79860295,6.298113017,6.65712558,7.582666551,62.71774231,62.82277184,62.43670907,49.88543549,49.51748222,50.32686823,24.06437797,23.59082479,24.70582326,17.50746065,14.38208346,22.45252827,42.01041907,45.69317551,36.05191168,16.32516242,19.76732827,10.82609163,9.632444231,10.55777675,8.177571724,10.0,10.0,10.0,10,dreadds
412,197,week7,speed24,0.237647059,3.970588235,15.30759889,0.485529412,0.310470588,19.78381367,53.00759568,5.387257731,55.24719113,3.360789599,49.00474732,4.647808953,65.28628201,16.98236312,67.66957853,15.66898944,60.92762543,28.48605186,66.43842536,8.879626499,67.92042407,7.493737591,63.65605102,9.278351004,107.8317825,16.98236312,107.8460523,15.75638163,108.029497,18.46836055,65.90965197,64.07916881,64.39549067,51.53736826,48.85929305,50.55665605,26.35589169,22.95278814,23.25758731,29.02175898,21.69129923,28.99984799,55.05291173,56.43916249,57.96654021,39.41278695,40.81334549,43.04189014,9.371602836,9.927805055,12.11453033,5.585598006000001,6.113176745,6.909929475,60.88546007,60.17368334,61.70469163,45.857516700000005,44.61893938,47.54453822,15.70072083,14.58249416,17.16278142,17.6313201,15.33494662,21.30945167,38.1629597,39.88741348,35.00756597,9.710849837,10.90629525,7.682609057,10.4307082,11.13280472,9.205447849,11.0,11.0,11.0,11,dreadds
447,198,week7,speed24,0.24,4.028571428999999,14.76016926,0.5008,0.344228571,19.36388812,63.31183072,6.355310574,66.18820204,4.528251634,57.38150517,4.875797219,91.89675433,16.74975826,92.41272409,11.23435157,91.43658719,25.60904132,98.61195926,12.20672756,103.3817639,7.149508263,88.74595145,13.52940389,109.8807761,16.74975826,110.6703516,16.26852044,108.4710765,17.465140899999998,75.64463572,74.44380777,73.36024785,65.92429213,63.87768729,63.8864566,36.51243619,33.29903628,34.89433396,31.7641679,22.88740826,31.67625557,63.97703668,64.84154093,66.48224435,52.88720031,53.73141105,56.72181326,21.04397642,22.0906081,24.14211296,7.627382181000001,7.891741714,10.39653097,70.67363662,70.62938603,70.71477602,60.10003411,59.41681569,61.21867177,28.34392698,27.39963954,30.03036059,19.51580678,17.13157562,24.42805281,52.73822822,54.9756317,47.88540091,20.98212109,22.95845555,16.69708973,12.15400088,12.69039162,11.09478196,12.0,12.0,12.0,12,dreadds
482,199,week7,speed24,0.24,4.138888889,23.59311899,0.444666667,0.284666667,18.76189059,59.01771928,5.464216005,61.13259367,3.03668344,54.49535136,4.454258396,78.29099844,15.09830214,79.83629484,12.94453372,75.73900442,21.39295071,80.51974807,11.77095874,82.82111251,8.865326201,76.40565265,11.93186836,102.0538649,15.09830214,103.3457773,13.97500462,100.5844382,15.46546563,71.08475555,68.95353358,69.33974588,60.26409909,57.07579501,58.44835815,34.74736409,31.4596001,33.06865493,28.32607874,20.99755478,28.17728482,59.44962427,61.7104878,61.61890634,46.45756649,48.31910021,49.61959077,17.95286419,18.57232729,19.98345812,5.780591028,6.906958045,7.700187107,65.76366461,65.31015061,66.19035095,53.11744022,51.95041138,54.76669522,24.81591316,23.28000357,26.99341999,17.00320888,14.86663907,20.78524997,46.37149488,47.77285443,43.07169563,18.46146072,19.75149258,15.68107178,10.51913736,11.16940859,9.448513998,13.0,13.0,13.0,13,dreadds
517,226,week7,speed24,0.2381720889999999,3.818181818,10.39430028,0.481212121,0.324727273,18.08610305,64.36913829999999,5.547999214,66.82536986,3.662531371,59.88946125,4.790460892,64.91359291,16.19762919,65.08007026,10.62785707,65.07053284,17.53239905,69.37375785,10.17891495,72.18100772,7.142092966,65.06051257,10.5355314,130.2058648,16.19762919,130.36864369999998,15.09012395,129.7443209,18.08448433,76.21332459,75.68330243,73.84315031,53.75912297,52.98081449,51.6068265,31.02222514,28.67462847,29.4412446,34.98579501,28.95371527,34.81590224,66.21599979,67.13891019,69.23838696,44.46745693,45.29905158,47.84139257,13.61190971,13.72357138,17.22188846,6.588936512999999,7.17088389,7.619616605,71.64999265,71.64273385,71.77494089,49.20339111,48.82721744,50.09122245,19.83126115,18.57247748,22.62998665,20.05544154,18.03881598,23.78651502,41.92253676,44.00985345,38.20574281,12.90416716,14.00294497,11.28195116,12.83218098,13.24025959,12.05177887,14.0,14.0,14.0,14,dreadds
32,155,week8,speed24,,,,,,,,,,,,,,,,,,,,,,,,,,,,,,,,,,,,,,,,,,,,,,,,,,,,,,,,,,,,,,,,,,,,,,,,,,,,,,,0,dreadds
67,162,week8,speed24,0.24,3.911764706,17.4401877,0.491764706,0.3379999999999999,19.24707915,53.39798570000001,4.132772798,54.17168591,3.1921809960000003,51.66029454,3.767003201,57.00146894,13.18876584,55.307952,15.37437786,60.61585733,25.49285083,66.10994829,8.160046834,67.95608784,6.094145349,62.27647298,9.842214122,117.5943463,13.18876584,116.5510453,12.00715334,119.8049791,15.00542833,68.4836243,64.02784731,67.66755902,52.23431689,46.85565698,51.47298426,23.87441242,20.04453211,21.51445662,32.69027515,23.91891737,32.69027515,53.79627937,54.63480579,59.30756551,36.30557304,36.96752976,42.30744483,6.119512777000001,6.18019543,12.06018067,7.197608924,7.447105962999999,10.33567278,60.29184433,58.10077425,64.96474338,43.25795021,40.81188319,48.48536594,12.78762083,10.61484897,17.50545133,19.5126513,16.816157699999998,25.30429925,36.36409159,36.88279485,35.1809171,6.80652395,7.03897107,6.169323951,12.61879267,12.88706936,11.99985041,1.0,1.0,1.0,1,dreadds
102,166,week8,speed24,0.24,3.612903226,6.549049382000001,0.55316129,0.3816774189999999,20.43117882,69.09102265,7.005193471,71.88710977,5.052647117,62.9539034,6.712215874,70.56092324,16.27111378,74.04516191,10.64026501,63.07113908,21.93670128,82.48790463,10.55246844,85.63528993,7.429740422999999,75.72016961,12.33959197,130.660324,16.27111378,130.7261199,14.07974652,130.39789620000002,20.34343605,80.68139695,79.89149214,79.14426831,57.99334237,57.07241448,56.53716866,34.44235245,33.00249625,33.68933536,33.63521186,24.23040174,33.63521186,71.14545453,71.15116087,72.91030207,48.05702184,48.05702184,50.75630496,13.94450116,13.94450116,16.91245812,8.274728854,8.716477219,9.535422726,75.62717146,75.27895394,76.40041726,52.80488488,52.09353242,54.44592755,21.78729549,20.5866007,24.46402264,18.69163577,16.3386951,23.90349282,46.26873608,48.70168824,40.99941369,15.29951822,17.19475652,11.19191074,12.15548696,12.94685092,10.45697895,2.0,2.0,2.0,2,dreadds
137,169,week8,speed24,0.24,4.0,21.85125055,0.500705882,0.324235294,19.30324676,53.0033191,6.228514633,55.19312022,4.049488806,48.57167328,4.357016169,74.9807285,12.35812372,76.86492641,22.77305834,72.6493958,33.72636403,69.10894737,10.37791562,72.09587755,6.813131893,64.68075814,11.40859864,117.5991503,12.35812372,115.660451,10.08908435,120.8959607,12.78378714,67.61264463,66.04453791,64.58419076,51.59982261,49.31792493,48.80877487,28.77068566,26.97809419,23.54237632,29.46509056,23.98474704,29.24347023,52.66454284,56.17717427,55.77013421,35.36550164,39.00975588,38.91003228,11.86078033,15.96429475,13.07533033,5.152784259,6.837917617,7.494234148999999,61.32089437,61.63341479999999,60.75693983,44.57761776,44.51309377,44.74959043,19.42940112,21.14562415,17.11340198,18.66944372,17.42897589,21.47126469,36.32502634,38.13220567,32.64534267,12.87748454,15.47854908,8.118135947999999,11.024453,11.76252872,10.11827609,3.0,3.0,3.0,3,cno
172,172,week8,speed24,0.24,3.4347826089999995,18.61117556,0.556173913,0.371478261,12.53110086,52.05904312,4.402378997,53.54766136,3.427851668,48.96846625,2.99682706,66.4341414,14.82530156,69.33895342,18.66229027,60.77333433,23.57215692,69.72267839,10.6380819,71.3848749,9.392352437,66.52330881,10.01469787,105.9538815,14.82530156,106.06935959999998,12.69893716,105.8697241,16.28265273,63.87351499,61.82313145,61.60361783,49.62125901,47.59147474,47.73206178,31.94825865,29.06564524,27.9430186,,,,50.59335587,52.04920851,52.98306823,35.59418383,37.22635844,38.83388203,8.069814082,9.497821823,11.00711042,4.675425763,5.60017597,6.383942263,57.50460041,57.02236757,57.94183363,43.47307985,42.87736186,44.21367942,16.63155863,15.70830205,17.94761549,18.79415051,16.281270000000003,23.30498839,38.02752256,39.40265564,35.24031204,11.88592951,12.49653699,10.56833172,13.3518965,12.80757252,,4.0,4.0,4.0,4,cno
207,173,week8,speed24,0.24,4.057142857,20.25568046,0.4736,0.316228571,11.48345692,45.39954348,3.642280326,46.11728975,2.751352593,43.44999621,2.670702233,75.97279813,14.89209848,76.39592672,24.99581736,74.98518923,34.2150251,77.1514502,13.2827939,78.58889337,12.28998746,73.91781121,14.16610191,113.7015796,14.89209848,113.4353847,14.13658452,114.40241509999998,15.61663638,56.08331864,54.57164771,54.18116173,44.31438171,42.83502057,42.53167451,13.04986985,11.31307364,11.23905667,22.98725622,17.01680747,21.88595664,44.694813200000006,45.65262175,47.80196421,32.40608681,33.80666837,35.6379993,3.813541083,4.323463152,6.282385387000001,5.207370978,5.520091522,6.502067335,50.88161565,50.27243086,51.42159287,39.10970862,38.44745761,39.77967923,7.464892742000001,6.898350426,8.205565157,13.74998219,12.60188107,15.90956907,33.62763645,34.29231651,31.80808257,3.932715479,3.64409303,4.350964768,8.269874912,8.447765306,7.94143552,5.0,5.0,5.0,5,cno
242,174,week8,speed24,0.24,3.71875,19.23267371,0.517875,0.321125,13.64373244,53.52056968,6.373905722999999,56.89228946,4.813497596,48.18530281,4.069835574,80.34523742,14.73639767,83.88168633,13.28164935,75.19028164,23.73974157,78.81292947,10.51250637,83.98450852,6.13997839,70.67986153,9.304512092,114.47119709999998,14.73639767,115.3126549,14.03905868,113.0146837,15.58483297,66.22170705,65.69791661,60.70543343,55.33470826,54.57105715,50.56317788,30.76107763,28.22629229,29.39817265,22.22440916,15.08750471,22.07700002,53.526681700000005,54.01334352,54.07455905,42.3441772,42.75677961,43.20785276,12.90123396,13.09673351,14.18702672,5.24147497,5.6109049660000005,6.452335356,59.35623698,60.51988919,57.47774638,48.51817388,49.28303756,47.26998331,21.72165256,21.28110357,22.51900094,13.37666821,11.38027308,16.44882579,42.68250659,45.65543783,37.97753974,15.95729071,17.74048842,13.26626329,7.546146515,7.761315322000001,7.1563822120000005,6.0,6.0,6.0,6,cno
277,190,week8,speed24,0.24,3.96969697,19.13909192,0.517333333,0.351393939,16.33111509,66.89325217,5.623310129,69.32327124,3.600912515,61.7809911,3.762341543,89.52021141,16.97183076,92.3923211,12.4916609,84.10870279999999,21.98003426,96.46341814,12.66017613,101.7364416,7.534023309,87.05287322,12.003084800000002,106.6597395,16.97183076,106.0463995,15.46966695,107.6366707,18.31715558,77.88200289,76.98096168,74.71186416,65.28152191,64.09674305,62.22572073,40.99338458,38.35582881,38.70126602,31.85922962,27.09411961,29.31436458,67.53434246,68.5437163,69.70582859,54.16941763,55.55042612,56.86025355,24.7164709,26.4384201,25.5737295,8.707255063,10.4045769,11.82394091,72.9823196,73.34365806,72.44864933,60.10258998,60.38076247,59.78417129,32.25223237,32.59631251,31.61603792,20.38845043,19.30184958,22.49406036,54.01352254,56.36037564,49.11651305,26.28974403,,21.16865833,14.42621599,15.59854523,11.82640213,7.0,7.0,7.0,7,cno
312,191,week8,speed24,0.24,4.028571428999999,11.28650118,0.495771429,0.329942857,18.47658952,60.64597092,6.527378971,63.62945748,4.669925501,54.78094694,5.552572637999999,71.92702805,13.91221181,73.27353076,8.624542484,69.35717622,22.62948086,86.71550363,12.02213529,93.45005233,3.520363592,73.41415454,11.51570284,124.7438706,13.91221181,125.0162412,13.36407234,124.2228902,14.85982998,71.4131844,71.13591805,69.06520834,58.31559867,57.84578993,56.11384832,29.09677618,27.81519524,28.44577044,31.31449242,23.99107524,31.31449242,63.95900111,63.96336733,64.69774914,50.41480358,50.43430287,51.35677798,16.86577129,16.96101789,17.4240031,6.403902424,6.5581184210000005,7.737912822,67.88566255,68.0845377,67.52944348,54.57910169,54.63084277,54.51208649,22.1830105,21.88006438,22.80623643,18.80183867,16.37078432,23.62109327,47.33941006,50.17576255,41.76358995,14.94831039,17.42498416,10.07194005,11.56214705,11.9157041,10.87259673,8.0,8.0,8.0,8,cno
347,195,week8,speed24,0.24,4.0,21.0891719,0.492,0.312571429,10.6313834,50.80858079,5.468358928,53.89710561,3.808407229,45.46778032,2.780437426,71.94099089,16.21936432,72.31841507,18.88304642,71.82886624,34.57542241,62.19014653,11.32087097,66.83262408,6.1755593520000005,54.16789519,12.94953379,109.5930452,16.21936432,109.8800469,15.80611503,109.1302838,16.82697659,60.26494022,60.10516589,56.7175438,45.35292013,45.29739424,41.09385889,23.34984305,22.36171414,21.36410381,20.69297646,18.86807483,20.55702152,49.66119748,52.96700896,49.95701553,34.54636112,37.56141052,34.87420741,6.908962596,7.52599031,7.317159618,5.782097628,5.82484077,7.497431871,55.75553956,57.39832105,52.96692983,40.4841975,42.16802598,37.6665979,13.70565173,14.9352008,11.76031457,14.98581998,14.40397165,16.13862338,35.53723874,38.66681054,30.1674484,10.75562613,12.14439708,8.326265008,10.20003561,10.90275621,9.079696456,9.0,9.0,9.0,9,dreadds
382,196,week8,speed24,0.24,3.941176471,14.28719748,0.516,0.337764706,20.29303565,55.50847266,6.46623084,59.44828221,3.1125493210000004,48.76950894,4.624710216,74.20878826,13.76054753,80.95748672,8.571634557000001,63.14801177,22.94869438,68.10803642,9.442850307,72.7509777,4.400679092,60.2217076,9.840297181,92.62166408,13.76054753,92.08826694,12.20783136,93.87084003,16.07388521,67.01223723,66.13332018,64.83656877,54.86012083,53.31592958,52.86249296,33.31530809,31.18690158,31.65049407,30.12242927,20.48129419,30.09319802,58.03520031,59.41875286,59.61555398,44.71016408,46.16323956,46.81748202,16.15480295,17.06032616,16.82493738,7.345919799,7.735162462999999,9.385520196,63.08234624,63.40794158,62.63617551,50.20899118,50.16806378,50.46063934,23.75155939,23.62962282,23.89217221,17.64438421,14.85049902,22.65150029,42.6351176,46.20840441,36.59397277,16.37385833,19.70261231,10.5242296,10.07051064,10.89083965,8.78483373,10.0,10.0,10.0,10,dreadds
417,197,week8,speed24,0.24,3.612903226,14.53685207,0.512258065,0.3258064519999999,15.81496541,51.27047648,5.203240335,53.98134149,3.1870817330000003,46.57845277,4.162963261,67.72033794,17.66531119,70.50293414,17.047299399999996,63.08771799,29.13953451,71.77215174,9.545076076,74.01003072,8.148461467999999,67.87590317,9.542741973,105.8462416,17.66531119,105.1376091,16.58790791,107.3327159,18.93614278,61.92616672,61.25189737,59.41027088,49.18232156,47.93200307,47.14882529,21.99993783,20.87757925,20.62309673,26.49530242,20.39174801,26.31222856,54.07375752,54.77106633,54.67228889,40.8166484,41.49725773,41.97197537,8.940018559,9.740367304,10.18022412,4.380177532,4.697657555,5.092271528,58.03203863,58.34453962,57.38008935,45.02599271,44.88531754,45.11229686,14.29315232,14.20792748,14.21780056,15.64532587,13.75214285,18.82491321,38.26443056,40.5221194,34.31066028,8.669323874,10.04529933,6.35227695,8.883763716,9.388944714,8.023276631,11.0,11.0,11.0,11,dreadds
452,198,week8,speed24,0.24,4.41025641,12.8289762,0.4625641029999999,0.306564103,18.61024949,62.85155469,5.461765432999999,65.49631761,3.647746696000001,57.71200106,4.310502329,84.09994418,16.04640439,83.62904076,11.63175684,85.01176955,24.83462413,96.93646008,11.25853846,101.3467104,6.379498215,88.70156259,12.74192219,117.19583,16.04640439,118.0868743,15.70673228,115.5118497,16.47200732,74.10562731,73.00000064,72.32140252,62.79948204,60.78859218,61.74392761,32.05147038,29.87693569,30.69134195,31.06967677,21.58572153,31.06967677,65.25885670000001,65.88655429,66.98153102,52.36596394,52.86680037,54.82404855,20.14702979,20.35157884,22.91214995,7.07918891,7.449486521,9.145277284,69.97826263,69.64848554,70.47368856,57.70977134,56.75457374,59.4169866,25.29952658,24.3147005,27.06267399,18.62458689,15.98327588,23.67479451,50.58306339999999,52.60240581,46.65529911,18.17281864,20.16253257,14.30098649,11.49787895,11.83110795,10.91310701,12.0,12.0,12.0,12,dreadds
487,199,week8,speed24,0.24,4.315789474,16.35178764,0.461684211,0.305263158,14.79598032,59.50085958,3.916439315,61.2831471,2.697138245,56.21248424,3.007317923,80.94605009,15.99103895,81.41780781,14.43814325,80.25007899,23.39322062,78.22615638,10.74483276,79.42979509,9.3588939,76.54128882,10.78481829,104.001816,15.99103895,105.0162372,15.17079301,102.1945236,16.8190165,69.86414899,68.50640604,68.65639984,57.83997596,55.23040067,56.9211375,31.55106666,28.5279892,30.60767207,26.73537974,20.10643825,26.73537974,59.85741154,61.32648291,62.92737936,45.65618571,46.87284496,49.79627379,15.50677521,15.7507427,19.28231525,6.750413145,7.451403068999999,8.602005199,65.38350379,64.82006422,66.55200242,51.86570235,50.56537603,54.54290593,21.94464528,20.16278335,25.394084600000003,16.98138217,15.17297647,20.48578385,45.98305814,47.02845891,44.20338775,16.06200107,16.62586623,15.05456642,11.09873796,11.63605935,10.14626567,13.0,13.0,13.0,13,dreadds
522,226,week8,speed24,0.24,4.216216216,8.528815107,0.458054054,0.307675676,15.28469874,69.12860817,6.006595702,71.29330251,4.624591887,64.98096823,4.351643091000001,68.30945991,19.76902232,68.71652074,10.33546535,67.4476477,18.54285585,79.07610518,8.805091002000001,81.87823875,5.68998982,73.61944209,9.727615932,129.7683883,19.76902232,129.4499315,18.89443357,130.09418119999998,20.83733527,83.13079643,81.49116371,78.90554254,54.80769773,54.00819754,53.71661682,29.17808011,27.41528412,28.11220986,28.94362003,22.94238994,28.94362003,67.72272415,68.76316028,71.30276467,47.90403626,48.07324394,50.21437093,14.08530727,14.08530727,17.32328853,5.460741481,5.846855218,6.396310141,75.29751239,75.28133949,75.47947651,51.33952707,50.77145147,52.46702548,19.79426159,18.52618815,22.39235877,17.45644555,15.616716,21.07554575,45.17062285,46.7834145,41.9685172,13.62535737,14.53815117,11.89385048,11.28754133,11.62867902,10.57703747,14.0,14.0,14.0,14,dreadds
